"","::1","Triple_A","Mozilla/5.0 (Windows NT 10.0; WOW64) AppleWebKit/537.36 (KHTML, like Gecko) Chrome/57.0.2987.133 Safari/537.36","","Tue 25th Apr,2017 11:35 am"
"","::1","Triple_A","Mozilla/5.0 (Windows NT 10.0; WOW64) AppleWebKit/537.36 (KHTML, like Gecko) Chrome/57.0.2987.133 Safari/537.36","","Tue 25th Apr,2017 11:43 am"
"","::1","Triple_A","Mozilla/5.0 (Windows NT 10.0; WOW64) AppleWebKit/537.36 (KHTML, like Gecko) Chrome/58.0.3029.81 Safari/537.36","","Tue 02nd May,2017 07:18 pm"
"","::1","Triple_A","Mozilla/5.0 (Windows NT 10.0; WOW64) AppleWebKit/537.36 (KHTML, like Gecko) Chrome/58.0.3029.81 Safari/537.36","","Tue 02nd May,2017 07:19 pm"
"","::1","Triple_A","Mozilla/5.0 (Windows NT 10.0; WOW64) AppleWebKit/537.36 (KHTML, like Gecko) Chrome/58.0.3029.81 Safari/537.36","","Tue 02nd May,2017 07:19 pm"
"","::1","Triple_A","Mozilla/5.0 (Windows NT 10.0; WOW64) AppleWebKit/537.36 (KHTML, like Gecko) Chrome/58.0.3029.81 Safari/537.36","","Tue 02nd May,2017 07:19 pm"
"","::1","Triple_A","Mozilla/5.0 (Windows NT 10.0; WOW64) AppleWebKit/537.36 (KHTML, like Gecko) Chrome/58.0.3029.81 Safari/537.36","","Tue 02nd May,2017 07:21 pm"
"","::1","Triple_A","Mozilla/5.0 (Windows NT 10.0; WOW64) AppleWebKit/537.36 (KHTML, like Gecko) Chrome/58.0.3029.81 Safari/537.36","","Tue 02nd May,2017 07:21 pm"
"","::1","Triple_A","Mozilla/5.0 (Windows NT 10.0; WOW64) AppleWebKit/537.36 (KHTML, like Gecko) Chrome/58.0.3029.81 Safari/537.36","","Tue 02nd May,2017 07:21 pm"
"","::1","Triple_A","Mozilla/5.0 (Windows NT 10.0; WOW64) AppleWebKit/537.36 (KHTML, like Gecko) Chrome/58.0.3029.81 Safari/537.36","","Tue 02nd May,2017 07:21 pm"
"","::1","Triple_A","Mozilla/5.0 (Windows NT 10.0; WOW64) AppleWebKit/537.36 (KHTML, like Gecko) Chrome/58.0.3029.81 Safari/537.36","","Tue 02nd May,2017 07:21 pm"
"","::1","Triple_A","Mozilla/5.0 (Windows NT 10.0; WOW64) AppleWebKit/537.36 (KHTML, like Gecko) Chrome/58.0.3029.81 Safari/537.36","","Tue 02nd May,2017 07:22 pm"
"","::1","Triple_A","Mozilla/5.0 (Windows NT 10.0; WOW64) AppleWebKit/537.36 (KHTML, like Gecko) Chrome/58.0.3029.81 Safari/537.36","","Tue 02nd May,2017 07:22 pm"
"","::1","Triple_A","Mozilla/5.0 (Windows NT 10.0; WOW64) AppleWebKit/537.36 (KHTML, like Gecko) Chrome/58.0.3029.81 Safari/537.36","","Tue 02nd May,2017 07:22 pm"
"","::1","Triple_A","Mozilla/5.0 (Windows NT 10.0; WOW64) AppleWebKit/537.36 (KHTML, like Gecko) Chrome/58.0.3029.81 Safari/537.36","","Tue 02nd May,2017 07:22 pm"
"","::1","Triple_A","Mozilla/5.0 (Windows NT 10.0; WOW64) AppleWebKit/537.36 (KHTML, like Gecko) Chrome/58.0.3029.81 Safari/537.36","","Tue 02nd May,2017 07:28 pm"
"","::1","Triple_A","Mozilla/5.0 (Windows NT 10.0; WOW64) AppleWebKit/537.36 (KHTML, like Gecko) Chrome/58.0.3029.81 Safari/537.36","","Tue 02nd May,2017 07:28 pm"
"","::1","Triple_A","Mozilla/5.0 (Windows NT 10.0; WOW64) AppleWebKit/537.36 (KHTML, like Gecko) Chrome/58.0.3029.81 Safari/537.36","","Tue 02nd May,2017 07:28 pm"
"","::1","Triple_A","Mozilla/5.0 (Windows NT 10.0; WOW64) AppleWebKit/537.36 (KHTML, like Gecko) Chrome/58.0.3029.81 Safari/537.36","","Tue 02nd May,2017 07:30 pm"
"","::1","Triple_A","Mozilla/5.0 (Windows NT 10.0; WOW64) AppleWebKit/537.36 (KHTML, like Gecko) Chrome/58.0.3029.81 Safari/537.36","","Tue 02nd May,2017 07:30 pm"
"","::1","Triple_A","Mozilla/5.0 (Windows NT 10.0; WOW64) AppleWebKit/537.36 (KHTML, like Gecko) Chrome/58.0.3029.81 Safari/537.36","","Tue 02nd May,2017 07:31 pm"
"","::1","Triple_A","Mozilla/5.0 (Windows NT 10.0; WOW64) AppleWebKit/537.36 (KHTML, like Gecko) Chrome/58.0.3029.81 Safari/537.36","","Tue 02nd May,2017 07:31 pm"
"","::1","Triple_A","Mozilla/5.0 (Windows NT 10.0; WOW64) AppleWebKit/537.36 (KHTML, like Gecko) Chrome/58.0.3029.81 Safari/537.36","","Tue 02nd May,2017 07:31 pm"
"","::1","Triple_A","Mozilla/5.0 (Windows NT 10.0; WOW64) AppleWebKit/537.36 (KHTML, like Gecko) Chrome/58.0.3029.81 Safari/537.36","","Tue 02nd May,2017 07:31 pm"
"","::1","Triple_A","Mozilla/5.0 (Windows NT 10.0; WOW64) AppleWebKit/537.36 (KHTML, like Gecko) Chrome/58.0.3029.81 Safari/537.36","","Tue 02nd May,2017 07:32 pm"
"","::1","Triple_A","Mozilla/5.0 (Windows NT 10.0; WOW64) AppleWebKit/537.36 (KHTML, like Gecko) Chrome/58.0.3029.81 Safari/537.36","","Tue 02nd May,2017 07:32 pm"
"","::1","Triple_A","Mozilla/5.0 (Windows NT 10.0; WOW64) AppleWebKit/537.36 (KHTML, like Gecko) Chrome/58.0.3029.81 Safari/537.36","","Tue 02nd May,2017 07:32 pm"
"","::1","Triple_A","Mozilla/5.0 (Windows NT 10.0; WOW64) AppleWebKit/537.36 (KHTML, like Gecko) Chrome/58.0.3029.81 Safari/537.36","","Tue 02nd May,2017 07:33 pm"
"","::1","Triple_A","Mozilla/5.0 (Windows NT 10.0; WOW64) AppleWebKit/537.36 (KHTML, like Gecko) Chrome/58.0.3029.81 Safari/537.36","","Tue 02nd May,2017 07:33 pm"
"","::1","Triple_A","Mozilla/5.0 (Windows NT 10.0; WOW64) AppleWebKit/537.36 (KHTML, like Gecko) Chrome/58.0.3029.81 Safari/537.36","","Tue 02nd May,2017 07:33 pm"
"","::1","Triple_A","Mozilla/5.0 (Windows NT 10.0; WOW64) AppleWebKit/537.36 (KHTML, like Gecko) Chrome/58.0.3029.81 Safari/537.36","","Tue 02nd May,2017 07:53 pm"
"","::1","Triple_A","Mozilla/5.0 (Windows NT 10.0; WOW64) AppleWebKit/537.36 (KHTML, like Gecko) Chrome/58.0.3029.81 Safari/537.36","","Tue 02nd May,2017 07:53 pm"
"","::1","Triple_A","Mozilla/5.0 (Windows NT 10.0; WOW64) AppleWebKit/537.36 (KHTML, like Gecko) Chrome/58.0.3029.81 Safari/537.36","","Tue 02nd May,2017 07:53 pm"
"","::1","Triple_A","Mozilla/5.0 (Windows NT 10.0; WOW64) AppleWebKit/537.36 (KHTML, like Gecko) Chrome/58.0.3029.81 Safari/537.36","","Tue 02nd May,2017 07:53 pm"
"","::1","Triple_A","Mozilla/5.0 (Windows NT 10.0; WOW64) AppleWebKit/537.36 (KHTML, like Gecko) Chrome/58.0.3029.81 Safari/537.36","","Tue 02nd May,2017 07:54 pm"
"","::1","Triple_A","Mozilla/5.0 (Windows NT 10.0; WOW64) AppleWebKit/537.36 (KHTML, like Gecko) Chrome/58.0.3029.81 Safari/537.36","","Tue 02nd May,2017 07:55 pm"
"","::1","Triple_A","Mozilla/5.0 (Windows NT 10.0; WOW64) AppleWebKit/537.36 (KHTML, like Gecko) Chrome/58.0.3029.81 Safari/537.36","","Tue 02nd May,2017 07:59 pm"
"","::1","Triple_A","Mozilla/5.0 (Windows NT 10.0; WOW64) AppleWebKit/537.36 (KHTML, like Gecko) Chrome/58.0.3029.81 Safari/537.36","","Tue 02nd May,2017 07:59 pm"
"","::1","Triple_A","Mozilla/5.0 (Windows NT 10.0; WOW64) AppleWebKit/537.36 (KHTML, like Gecko) Chrome/58.0.3029.81 Safari/537.36","","Tue 02nd May,2017 08:00 pm"
"","::1","Triple_A","Mozilla/5.0 (Windows NT 10.0; WOW64) AppleWebKit/537.36 (KHTML, like Gecko) Chrome/58.0.3029.81 Safari/537.36","","Tue 02nd May,2017 08:00 pm"
"","::1","Triple_A","Mozilla/5.0 (Windows NT 10.0; WOW64) AppleWebKit/537.36 (KHTML, like Gecko) Chrome/58.0.3029.81 Safari/537.36","","Tue 02nd May,2017 08:01 pm"
"","::1","Triple_A","Mozilla/5.0 (Windows NT 10.0; WOW64) AppleWebKit/537.36 (KHTML, like Gecko) Chrome/58.0.3029.81 Safari/537.36","","Tue 02nd May,2017 08:01 pm"
"","::1","Triple_A","Mozilla/5.0 (Windows NT 10.0; WOW64) AppleWebKit/537.36 (KHTML, like Gecko) Chrome/58.0.3029.81 Safari/537.36","","Tue 02nd May,2017 08:01 pm"
"","::1","Triple_A","Mozilla/5.0 (Windows NT 10.0; WOW64) AppleWebKit/537.36 (KHTML, like Gecko) Chrome/58.0.3029.81 Safari/537.36","","Tue 02nd May,2017 08:02 pm"
"","::1","Triple_A","Mozilla/5.0 (Windows NT 10.0; WOW64) AppleWebKit/537.36 (KHTML, like Gecko) Chrome/58.0.3029.81 Safari/537.36","","Tue 02nd May,2017 08:02 pm"
"","::1","Triple_A","Mozilla/5.0 (Windows NT 10.0; WOW64) AppleWebKit/537.36 (KHTML, like Gecko) Chrome/58.0.3029.81 Safari/537.36","","Tue 02nd May,2017 08:03 pm"
"","::1","Triple_A","Mozilla/5.0 (Windows NT 10.0; WOW64) AppleWebKit/537.36 (KHTML, like Gecko) Chrome/58.0.3029.81 Safari/537.36","","Tue 02nd May,2017 08:03 pm"
"","::1","Triple_A","Mozilla/5.0 (Windows NT 10.0; WOW64) AppleWebKit/537.36 (KHTML, like Gecko) Chrome/58.0.3029.81 Safari/537.36","","Tue 02nd May,2017 08:04 pm"
"","::1","Triple_A","Mozilla/5.0 (Windows NT 10.0; WOW64) AppleWebKit/537.36 (KHTML, like Gecko) Chrome/58.0.3029.81 Safari/537.36","","Tue 02nd May,2017 08:04 pm"
"","::1","Triple_A","Mozilla/5.0 (Windows NT 10.0; WOW64) AppleWebKit/537.36 (KHTML, like Gecko) Chrome/58.0.3029.81 Safari/537.36","","Tue 02nd May,2017 08:04 pm"
"","::1","Triple_A","Mozilla/5.0 (Windows NT 10.0; WOW64) AppleWebKit/537.36 (KHTML, like Gecko) Chrome/58.0.3029.81 Safari/537.36","","Tue 02nd May,2017 08:04 pm"
"","::1","Triple_A","Mozilla/5.0 (Windows NT 10.0; WOW64) AppleWebKit/537.36 (KHTML, like Gecko) Chrome/58.0.3029.81 Safari/537.36","","Tue 02nd May,2017 08:05 pm"
"","::1","Triple_A","Mozilla/5.0 (Windows NT 10.0; WOW64) AppleWebKit/537.36 (KHTML, like Gecko) Chrome/58.0.3029.81 Safari/537.36","","Tue 02nd May,2017 08:05 pm"
"","::1","Triple_A","Mozilla/5.0 (Windows NT 10.0; WOW64) AppleWebKit/537.36 (KHTML, like Gecko) Chrome/58.0.3029.81 Safari/537.36","","Tue 02nd May,2017 08:06 pm"
"","::1","Triple_A","Mozilla/5.0 (Windows NT 10.0; WOW64) AppleWebKit/537.36 (KHTML, like Gecko) Chrome/58.0.3029.81 Safari/537.36","","Tue 02nd May,2017 08:06 pm"
"","::1","Triple_A","Mozilla/5.0 (Windows NT 10.0; WOW64) AppleWebKit/537.36 (KHTML, like Gecko) Chrome/58.0.3029.81 Safari/537.36","","Tue 02nd May,2017 08:06 pm"
"","::1","Triple_A","Mozilla/5.0 (Windows NT 10.0; WOW64) AppleWebKit/537.36 (KHTML, like Gecko) Chrome/58.0.3029.81 Safari/537.36","","Tue 02nd May,2017 08:37 pm"
"","::1","Triple_A","Mozilla/5.0 (Windows NT 10.0; WOW64) AppleWebKit/537.36 (KHTML, like Gecko) Chrome/58.0.3029.81 Safari/537.36","","Tue 02nd May,2017 08:37 pm"
"","::1","Triple_A","Mozilla/5.0 (Windows NT 10.0; WOW64) AppleWebKit/537.36 (KHTML, like Gecko) Chrome/58.0.3029.81 Safari/537.36","","Tue 02nd May,2017 08:38 pm"
"","::1","Triple_A","Mozilla/5.0 (Windows NT 10.0; WOW64) AppleWebKit/537.36 (KHTML, like Gecko) Chrome/58.0.3029.81 Safari/537.36","","Tue 02nd May,2017 08:39 pm"
"","::1","Triple_A","Mozilla/5.0 (Windows NT 10.0; WOW64) AppleWebKit/537.36 (KHTML, like Gecko) Chrome/58.0.3029.81 Safari/537.36","","Tue 02nd May,2017 08:40 pm"
"","::1","Triple_A","Mozilla/5.0 (Windows NT 10.0; WOW64) AppleWebKit/537.36 (KHTML, like Gecko) Chrome/58.0.3029.81 Safari/537.36","","Tue 02nd May,2017 09:05 pm"
"","::1","Triple_A","Mozilla/5.0 (Windows NT 10.0; WOW64) AppleWebKit/537.36 (KHTML, like Gecko) Chrome/58.0.3029.81 Safari/537.36","","Tue 02nd May,2017 09:05 pm"
"","::1","Triple_A","Mozilla/5.0 (Windows NT 10.0; WOW64) AppleWebKit/537.36 (KHTML, like Gecko) Chrome/58.0.3029.81 Safari/537.36","","Tue 02nd May,2017 09:06 pm"
"","::1","Triple_A","Mozilla/5.0 (Windows NT 10.0; WOW64) AppleWebKit/537.36 (KHTML, like Gecko) Chrome/58.0.3029.81 Safari/537.36","","Tue 02nd May,2017 09:07 pm"
"","::1","Triple_A","Mozilla/5.0 (Windows NT 10.0; WOW64) AppleWebKit/537.36 (KHTML, like Gecko) Chrome/58.0.3029.81 Safari/537.36","","Tue 02nd May,2017 09:08 pm"
"","::1","Triple_A","Mozilla/5.0 (Windows NT 10.0; WOW64) AppleWebKit/537.36 (KHTML, like Gecko) Chrome/58.0.3029.81 Safari/537.36","","Tue 02nd May,2017 09:17 pm"
"","::1","Triple_A","Mozilla/5.0 (Windows NT 10.0; WOW64) AppleWebKit/537.36 (KHTML, like Gecko) Chrome/58.0.3029.81 Safari/537.36","","Tue 02nd May,2017 09:18 pm"
"","::1","Triple_A","Mozilla/5.0 (Windows NT 10.0; WOW64) AppleWebKit/537.36 (KHTML, like Gecko) Chrome/58.0.3029.81 Safari/537.36","","Tue 02nd May,2017 09:19 pm"
"","::1","Triple_A","Mozilla/5.0 (Windows NT 10.0; WOW64) AppleWebKit/537.36 (KHTML, like Gecko) Chrome/58.0.3029.81 Safari/537.36","","Tue 02nd May,2017 09:22 pm"
"","::1","Triple_A","Mozilla/5.0 (Windows NT 10.0; WOW64) AppleWebKit/537.36 (KHTML, like Gecko) Chrome/58.0.3029.81 Safari/537.36","","Tue 02nd May,2017 09:33 pm"
"","::1","Triple_A","Mozilla/5.0 (Windows NT 10.0; WOW64) AppleWebKit/537.36 (KHTML, like Gecko) Chrome/58.0.3029.81 Safari/537.36","","Tue 02nd May,2017 09:36 pm"
"","::1","Triple_A","Mozilla/5.0 (Windows NT 10.0; WOW64) AppleWebKit/537.36 (KHTML, like Gecko) Chrome/58.0.3029.81 Safari/537.36","","Tue 02nd May,2017 09:44 pm"
"","::1","Triple_A","Mozilla/5.0 (Windows NT 10.0; WOW64) AppleWebKit/537.36 (KHTML, like Gecko) Chrome/58.0.3029.81 Safari/537.36","","Tue 02nd May,2017 09:45 pm"
"","::1","Triple_A","Mozilla/5.0 (Windows NT 10.0; WOW64) AppleWebKit/537.36 (KHTML, like Gecko) Chrome/58.0.3029.81 Safari/537.36","","Tue 02nd May,2017 09:47 pm"
"","::1","Triple_A","Mozilla/5.0 (Windows NT 10.0; WOW64) AppleWebKit/537.36 (KHTML, like Gecko) Chrome/58.0.3029.81 Safari/537.36","","Tue 02nd May,2017 09:49 pm"
"","::1","Triple_A","Mozilla/5.0 (Windows NT 10.0; WOW64) AppleWebKit/537.36 (KHTML, like Gecko) Chrome/58.0.3029.81 Safari/537.36","","Tue 02nd May,2017 09:49 pm"
"","::1","Triple_A","Mozilla/5.0 (Windows NT 10.0; WOW64) AppleWebKit/537.36 (KHTML, like Gecko) Chrome/58.0.3029.81 Safari/537.36","","Tue 02nd May,2017 09:50 pm"
"","::1","Triple_A","Mozilla/5.0 (Windows NT 10.0; WOW64) AppleWebKit/537.36 (KHTML, like Gecko) Chrome/58.0.3029.81 Safari/537.36","","Tue 02nd May,2017 09:50 pm"
"","::1","Triple_A","Mozilla/5.0 (Windows NT 10.0; WOW64) AppleWebKit/537.36 (KHTML, like Gecko) Chrome/58.0.3029.81 Safari/537.36","","Tue 02nd May,2017 09:51 pm"
"","::1","Triple_A","Mozilla/5.0 (Windows NT 10.0; WOW64) AppleWebKit/537.36 (KHTML, like Gecko) Chrome/58.0.3029.81 Safari/537.36","","Tue 02nd May,2017 09:51 pm"
"","::1","Triple_A","Mozilla/5.0 (Windows NT 10.0; WOW64) AppleWebKit/537.36 (KHTML, like Gecko) Chrome/58.0.3029.81 Safari/537.36","","Tue 02nd May,2017 09:51 pm"
"","::1","Triple_A","Mozilla/5.0 (Windows NT 10.0; WOW64) AppleWebKit/537.36 (KHTML, like Gecko) Chrome/58.0.3029.81 Safari/537.36","","Tue 02nd May,2017 09:53 pm"
"","::1","Triple_A","Mozilla/5.0 (Windows NT 10.0; WOW64) AppleWebKit/537.36 (KHTML, like Gecko) Chrome/58.0.3029.81 Safari/537.36","","Tue 02nd May,2017 09:54 pm"
"","::1","Triple_A","Mozilla/5.0 (Windows NT 10.0; Win64; x64) AppleWebKit/537.36 (KHTML, like Gecko) Chrome/58.0.3029.96 Safari/537.36","","Fri 05th May,2017 09:06 am"
"","::1","Triple_A","Mozilla/5.0 (Windows NT 10.0; Win64; x64) AppleWebKit/537.36 (KHTML, like Gecko) Chrome/58.0.3029.96 Safari/537.36","","Fri 05th May,2017 09:23 am"
"","::1","Triple_A","Mozilla/5.0 (Windows NT 10.0; Win64; x64) AppleWebKit/537.36 (KHTML, like Gecko) Chrome/58.0.3029.96 Safari/537.36","","Fri 05th May,2017 09:24 am"
"","::1","Triple_A","Mozilla/5.0 (Windows NT 10.0; Win64; x64) AppleWebKit/537.36 (KHTML, like Gecko) Chrome/58.0.3029.96 Safari/537.36","","Fri 05th May,2017 09:27 am"
"","::1","Triple_A","Mozilla/5.0 (Windows NT 10.0; Win64; x64) AppleWebKit/537.36 (KHTML, like Gecko) Chrome/58.0.3029.96 Safari/537.36","","Fri 05th May,2017 09:30 am"
"","::1","Triple_A","Mozilla/5.0 (Windows NT 10.0; Win64; x64) AppleWebKit/537.36 (KHTML, like Gecko) Chrome/58.0.3029.96 Safari/537.36","","Fri 05th May,2017 09:30 am"
"","::1","Triple_A","Mozilla/5.0 (Windows NT 10.0; Win64; x64) AppleWebKit/537.36 (KHTML, like Gecko) Chrome/58.0.3029.96 Safari/537.36","","Fri 05th May,2017 09:30 am"
"","::1","Triple_A","Mozilla/5.0 (Windows NT 10.0; Win64; x64) AppleWebKit/537.36 (KHTML, like Gecko) Chrome/58.0.3029.96 Safari/537.36","","Fri 05th May,2017 09:53 am"
"","::1","Triple_A","Mozilla/5.0 (Windows NT 10.0; Win64; x64) AppleWebKit/537.36 (KHTML, like Gecko) Chrome/58.0.3029.96 Safari/537.36","","Fri 05th May,2017 10:15 am"
"","::1","Triple_A","Mozilla/5.0 (Windows NT 10.0; Win64; x64) AppleWebKit/537.36 (KHTML, like Gecko) Chrome/58.0.3029.96 Safari/537.36","","Fri 05th May,2017 10:15 am"
"","::1","Triple_A","Mozilla/5.0 (Windows NT 10.0; Win64; x64) AppleWebKit/537.36 (KHTML, like Gecko) Chrome/58.0.3029.96 Safari/537.36","","Fri 05th May,2017 10:15 am"
"","::1","Triple_A","Mozilla/5.0 (Windows NT 10.0; Win64; x64) AppleWebKit/537.36 (KHTML, like Gecko) Chrome/58.0.3029.96 Safari/537.36","","Fri 05th May,2017 10:15 am"
"","::1","Triple_A","Mozilla/5.0 (Windows NT 10.0; Win64; x64) AppleWebKit/537.36 (KHTML, like Gecko) Chrome/58.0.3029.96 Safari/537.36","","Fri 05th May,2017 10:21 am"
"","::1","Triple_A","Mozilla/5.0 (Windows NT 10.0; Win64; x64) AppleWebKit/537.36 (KHTML, like Gecko) Chrome/58.0.3029.96 Safari/537.36","","Fri 05th May,2017 10:22 am"
"","::1","Triple_A","Mozilla/5.0 (Windows NT 10.0; Win64; x64) AppleWebKit/537.36 (KHTML, like Gecko) Chrome/58.0.3029.96 Safari/537.36","","Fri 05th May,2017 10:22 am"
"","::1","Triple_A","Mozilla/5.0 (Windows NT 10.0; Win64; x64) AppleWebKit/537.36 (KHTML, like Gecko) Chrome/58.0.3029.96 Safari/537.36","","Fri 05th May,2017 10:23 am"
"","::1","Triple_A","Mozilla/5.0 (Windows NT 10.0; Win64; x64) AppleWebKit/537.36 (KHTML, like Gecko) Chrome/58.0.3029.96 Safari/537.36","","Fri 05th May,2017 10:23 am"
"","::1","Triple_A","Mozilla/5.0 (Windows NT 10.0; Win64; x64) AppleWebKit/537.36 (KHTML, like Gecko) Chrome/58.0.3029.96 Safari/537.36","","Fri 05th May,2017 10:23 am"
"","::1","Triple_A","Mozilla/5.0 (Windows NT 10.0; Win64; x64) AppleWebKit/537.36 (KHTML, like Gecko) Chrome/58.0.3029.96 Safari/537.36","","Fri 05th May,2017 10:25 am"
"","::1","Triple_A","Mozilla/5.0 (Windows NT 10.0; Win64; x64) AppleWebKit/537.36 (KHTML, like Gecko) Chrome/58.0.3029.96 Safari/537.36","","Fri 05th May,2017 10:26 am"
"","::1","Triple_A","Mozilla/5.0 (Windows NT 10.0; Win64; x64) AppleWebKit/537.36 (KHTML, like Gecko) Chrome/58.0.3029.96 Safari/537.36","","Fri 05th May,2017 10:28 am"
"","::1","Triple_A","Mozilla/5.0 (Windows NT 10.0; Win64; x64) AppleWebKit/537.36 (KHTML, like Gecko) Chrome/58.0.3029.96 Safari/537.36","","Fri 05th May,2017 10:30 am"
"","::1","Triple_A","Mozilla/5.0 (Windows NT 10.0; Win64; x64) AppleWebKit/537.36 (KHTML, like Gecko) Chrome/58.0.3029.96 Safari/537.36","","Fri 05th May,2017 10:32 am"
"","::1","Triple_A","Mozilla/5.0 (Windows NT 10.0; Win64; x64) AppleWebKit/537.36 (KHTML, like Gecko) Chrome/58.0.3029.96 Safari/537.36","","Fri 05th May,2017 10:32 am"
"","::1","Triple_A","Mozilla/5.0 (Windows NT 10.0; Win64; x64) AppleWebKit/537.36 (KHTML, like Gecko) Chrome/58.0.3029.96 Safari/537.36","","Fri 05th May,2017 10:32 am"
"","::1","Triple_A","Mozilla/5.0 (Windows NT 10.0; Win64; x64) AppleWebKit/537.36 (KHTML, like Gecko) Chrome/58.0.3029.96 Safari/537.36","","Fri 05th May,2017 10:37 am"
"","::1","Triple_A","Mozilla/5.0 (Windows NT 10.0; Win64; x64) AppleWebKit/537.36 (KHTML, like Gecko) Chrome/58.0.3029.96 Safari/537.36","","Fri 05th May,2017 10:39 am"
"","::1","Triple_A","Mozilla/5.0 (Windows NT 10.0; Win64; x64) AppleWebKit/537.36 (KHTML, like Gecko) Chrome/58.0.3029.96 Safari/537.36","","Fri 05th May,2017 10:42 am"
"","::1","Triple_A","Mozilla/5.0 (Windows NT 10.0; Win64; x64) AppleWebKit/537.36 (KHTML, like Gecko) Chrome/58.0.3029.96 Safari/537.36","","Fri 05th May,2017 10:43 am"
"","::1","Triple_A","Mozilla/5.0 (Windows NT 10.0; Win64; x64) AppleWebKit/537.36 (KHTML, like Gecko) Chrome/58.0.3029.96 Safari/537.36","","Fri 05th May,2017 10:43 am"
"","::1","Triple_A","Mozilla/5.0 (Windows NT 10.0; Win64; x64) AppleWebKit/537.36 (KHTML, like Gecko) Chrome/58.0.3029.96 Safari/537.36","","Fri 05th May,2017 10:43 am"
"","::1","Triple_A","Mozilla/5.0 (Windows NT 10.0; Win64; x64) AppleWebKit/537.36 (KHTML, like Gecko) Chrome/58.0.3029.96 Safari/537.36","","Fri 05th May,2017 10:44 am"
"","::1","Triple_A","Mozilla/5.0 (Windows NT 10.0; Win64; x64) AppleWebKit/537.36 (KHTML, like Gecko) Chrome/58.0.3029.96 Safari/537.36","","Fri 05th May,2017 10:44 am"
"","::1","Triple_A","Mozilla/5.0 (Windows NT 10.0; Win64; x64) AppleWebKit/537.36 (KHTML, like Gecko) Chrome/58.0.3029.96 Safari/537.36","","Fri 05th May,2017 10:44 am"
"","::1","Triple_A","Mozilla/5.0 (Windows NT 10.0; Win64; x64) AppleWebKit/537.36 (KHTML, like Gecko) Chrome/58.0.3029.96 Safari/537.36","","Fri 05th May,2017 12:57 pm"
"","::1","Triple_A","Mozilla/5.0 (Windows NT 10.0; Win64; x64) AppleWebKit/537.36 (KHTML, like Gecko) Chrome/58.0.3029.96 Safari/537.36","","Fri 05th May,2017 01:01 pm"
"","::1","Triple_A","Mozilla/5.0 (Windows NT 10.0; Win64; x64) AppleWebKit/537.36 (KHTML, like Gecko) Chrome/58.0.3029.96 Safari/537.36","","Fri 05th May,2017 01:01 pm"
"","::1","Triple_A","Mozilla/5.0 (Windows NT 10.0; Win64; x64) AppleWebKit/537.36 (KHTML, like Gecko) Chrome/58.0.3029.96 Safari/537.36","","Fri 05th May,2017 01:04 pm"
"","::1","Triple_A","Mozilla/5.0 (Windows NT 10.0; Win64; x64) AppleWebKit/537.36 (KHTML, like Gecko) Chrome/58.0.3029.96 Safari/537.36","","Fri 05th May,2017 01:09 pm"
"","::1","Triple_A","Mozilla/5.0 (Windows NT 10.0; Win64; x64) AppleWebKit/537.36 (KHTML, like Gecko) Chrome/58.0.3029.96 Safari/537.36","","Fri 05th May,2017 01:09 pm"
"","::1","Triple_A","Mozilla/5.0 (Windows NT 10.0; Win64; x64) AppleWebKit/537.36 (KHTML, like Gecko) Chrome/58.0.3029.96 Safari/537.36","","Fri 05th May,2017 01:09 pm"
"","::1","Triple_A","Mozilla/5.0 (Windows NT 10.0; Win64; x64) AppleWebKit/537.36 (KHTML, like Gecko) Chrome/58.0.3029.96 Safari/537.36","","Fri 05th May,2017 01:10 pm"
"","::1","Triple_A","Mozilla/5.0 (Windows NT 10.0; Win64; x64) AppleWebKit/537.36 (KHTML, like Gecko) Chrome/58.0.3029.96 Safari/537.36","","Fri 05th May,2017 01:11 pm"
"","::1","Triple_A","Mozilla/5.0 (Windows NT 10.0; Win64; x64) AppleWebKit/537.36 (KHTML, like Gecko) Chrome/58.0.3029.96 Safari/537.36","","Fri 05th May,2017 01:11 pm"
"","::1","Triple_A","Mozilla/5.0 (Windows NT 10.0; Win64; x64) AppleWebKit/537.36 (KHTML, like Gecko) Chrome/58.0.3029.96 Safari/537.36","","Fri 05th May,2017 01:14 pm"
"","::1","Triple_A","Mozilla/5.0 (Windows NT 10.0; Win64; x64) AppleWebKit/537.36 (KHTML, like Gecko) Chrome/58.0.3029.96 Safari/537.36","","Fri 05th May,2017 01:14 pm"
"","::1","Triple_A","Mozilla/5.0 (Windows NT 10.0; Win64; x64) AppleWebKit/537.36 (KHTML, like Gecko) Chrome/58.0.3029.96 Safari/537.36","","Fri 05th May,2017 01:15 pm"
"","::1","Triple_A","Mozilla/5.0 (Windows NT 10.0; Win64; x64) AppleWebKit/537.36 (KHTML, like Gecko) Chrome/58.0.3029.96 Safari/537.36","","Fri 05th May,2017 01:16 pm"
"","::1","Triple_A","Mozilla/5.0 (Windows NT 10.0; Win64; x64) AppleWebKit/537.36 (KHTML, like Gecko) Chrome/58.0.3029.96 Safari/537.36","","Fri 05th May,2017 01:16 pm"
"","::1","Triple_A","Mozilla/5.0 (Windows NT 10.0; Win64; x64) AppleWebKit/537.36 (KHTML, like Gecko) Chrome/58.0.3029.96 Safari/537.36","","Fri 05th May,2017 01:16 pm"
"","::1","Triple_A","Mozilla/5.0 (Windows NT 10.0; Win64; x64) AppleWebKit/537.36 (KHTML, like Gecko) Chrome/58.0.3029.96 Safari/537.36","","Fri 05th May,2017 01:16 pm"
"","::1","Triple_A","Mozilla/5.0 (Windows NT 10.0; Win64; x64) AppleWebKit/537.36 (KHTML, like Gecko) Chrome/58.0.3029.96 Safari/537.36","","Fri 05th May,2017 01:17 pm"
"","::1","Triple_A","Mozilla/5.0 (Windows NT 10.0; Win64; x64) AppleWebKit/537.36 (KHTML, like Gecko) Chrome/58.0.3029.96 Safari/537.36","","Fri 05th May,2017 01:17 pm"
"","::1","Triple_A","Mozilla/5.0 (Windows NT 10.0; Win64; x64) AppleWebKit/537.36 (KHTML, like Gecko) Chrome/58.0.3029.96 Safari/537.36","","Fri 05th May,2017 01:18 pm"
"","::1","Triple_A","Mozilla/5.0 (Windows NT 10.0; Win64; x64) AppleWebKit/537.36 (KHTML, like Gecko) Chrome/58.0.3029.96 Safari/537.36","","Fri 05th May,2017 01:19 pm"
"","::1","Triple_A","Mozilla/5.0 (Windows NT 10.0; Win64; x64) AppleWebKit/537.36 (KHTML, like Gecko) Chrome/58.0.3029.96 Safari/537.36","","Fri 05th May,2017 01:19 pm"
"","::1","Triple_A","Mozilla/5.0 (Windows NT 10.0; Win64; x64) AppleWebKit/537.36 (KHTML, like Gecko) Chrome/58.0.3029.96 Safari/537.36","","Fri 05th May,2017 01:19 pm"
"","::1","Triple_A","Mozilla/5.0 (Windows NT 10.0; Win64; x64) AppleWebKit/537.36 (KHTML, like Gecko) Chrome/58.0.3029.96 Safari/537.36","","Fri 05th May,2017 01:19 pm"
"","::1","Triple_A","Mozilla/5.0 (Windows NT 10.0; Win64; x64) AppleWebKit/537.36 (KHTML, like Gecko) Chrome/58.0.3029.96 Safari/537.36","","Fri 05th May,2017 01:19 pm"
"","::1","Triple_A","Mozilla/5.0 (Windows NT 10.0; Win64; x64) AppleWebKit/537.36 (KHTML, like Gecko) Chrome/58.0.3029.96 Safari/537.36","","Fri 05th May,2017 01:19 pm"
"","::1","Triple_A","Mozilla/5.0 (Windows NT 10.0; Win64; x64) AppleWebKit/537.36 (KHTML, like Gecko) Chrome/58.0.3029.96 Safari/537.36","","Fri 05th May,2017 01:19 pm"
"","::1","Triple_A","Mozilla/5.0 (Windows NT 10.0; Win64; x64) AppleWebKit/537.36 (KHTML, like Gecko) Chrome/58.0.3029.96 Safari/537.36","","Fri 05th May,2017 01:22 pm"
"","::1","Triple_A","Mozilla/5.0 (Windows NT 10.0; Win64; x64) AppleWebKit/537.36 (KHTML, like Gecko) Chrome/58.0.3029.96 Safari/537.36","","Fri 05th May,2017 01:22 pm"
"","::1","Triple_A","Mozilla/5.0 (Windows NT 10.0; Win64; x64) AppleWebKit/537.36 (KHTML, like Gecko) Chrome/58.0.3029.96 Safari/537.36","","Fri 05th May,2017 01:30 pm"
"","::1","Triple_A","Mozilla/5.0 (Windows NT 10.0; Win64; x64) AppleWebKit/537.36 (KHTML, like Gecko) Chrome/58.0.3029.96 Safari/537.36","","Fri 05th May,2017 01:30 pm"
"","::1","Triple_A","Mozilla/5.0 (Windows NT 10.0; Win64; x64) AppleWebKit/537.36 (KHTML, like Gecko) Chrome/58.0.3029.96 Safari/537.36","","Fri 05th May,2017 01:31 pm"
"","::1","Triple_A","Mozilla/5.0 (Windows NT 10.0; Win64; x64) AppleWebKit/537.36 (KHTML, like Gecko) Chrome/58.0.3029.96 Safari/537.36","","Fri 05th May,2017 01:31 pm"
"","::1","Triple_A","Mozilla/5.0 (Windows NT 10.0; Win64; x64) AppleWebKit/537.36 (KHTML, like Gecko) Chrome/58.0.3029.96 Safari/537.36","","Fri 05th May,2017 01:31 pm"
"","::1","Triple_A","Mozilla/5.0 (Windows NT 10.0; Win64; x64) AppleWebKit/537.36 (KHTML, like Gecko) Chrome/58.0.3029.96 Safari/537.36","","Fri 05th May,2017 01:53 pm"
"","::1","Triple_A","Mozilla/5.0 (Windows NT 10.0; Win64; x64) AppleWebKit/537.36 (KHTML, like Gecko) Chrome/58.0.3029.96 Safari/537.36","","Fri 05th May,2017 01:53 pm"
"","::1","Triple_A","Mozilla/5.0 (Windows NT 10.0; Win64; x64) AppleWebKit/537.36 (KHTML, like Gecko) Chrome/58.0.3029.96 Safari/537.36","","Fri 05th May,2017 01:54 pm"
"","::1","Triple_A","Mozilla/5.0 (Windows NT 10.0; Win64; x64) AppleWebKit/537.36 (KHTML, like Gecko) Chrome/58.0.3029.96 Safari/537.36","","Fri 05th May,2017 01:55 pm"
"","::1","Triple_A","Mozilla/5.0 (Windows NT 10.0; Win64; x64) AppleWebKit/537.36 (KHTML, like Gecko) Chrome/58.0.3029.96 Safari/537.36","","Fri 05th May,2017 01:55 pm"
"","::1","Triple_A","Mozilla/5.0 (Windows NT 10.0; Win64; x64) AppleWebKit/537.36 (KHTML, like Gecko) Chrome/58.0.3029.96 Safari/537.36","","Fri 05th May,2017 01:58 pm"
"","::1","Triple_A","Mozilla/5.0 (Windows NT 10.0; Win64; x64) AppleWebKit/537.36 (KHTML, like Gecko) Chrome/58.0.3029.96 Safari/537.36","","Fri 05th May,2017 01:59 pm"
"","::1","Triple_A","Mozilla/5.0 (Windows NT 10.0; Win64; x64) AppleWebKit/537.36 (KHTML, like Gecko) Chrome/58.0.3029.96 Safari/537.36","","Fri 05th May,2017 01:59 pm"
"","::1","Triple_A","Mozilla/5.0 (Windows NT 10.0; Win64; x64) AppleWebKit/537.36 (KHTML, like Gecko) Chrome/58.0.3029.96 Safari/537.36","","Fri 05th May,2017 02:12 pm"
"","::1","Triple_A","Mozilla/5.0 (Windows NT 10.0; Win64; x64) AppleWebKit/537.36 (KHTML, like Gecko) Chrome/58.0.3029.96 Safari/537.36","","Fri 05th May,2017 02:12 pm"
"","::1","Triple_A","Mozilla/5.0 (Windows NT 10.0; Win64; x64) AppleWebKit/537.36 (KHTML, like Gecko) Chrome/58.0.3029.96 Safari/537.36","","Fri 05th May,2017 02:12 pm"
"","::1","Triple_A","Mozilla/5.0 (Windows NT 10.0; Win64; x64) AppleWebKit/537.36 (KHTML, like Gecko) Chrome/58.0.3029.96 Safari/537.36","","Fri 05th May,2017 02:15 pm"
"","::1","Triple_A","Mozilla/5.0 (Windows NT 10.0; Win64; x64) AppleWebKit/537.36 (KHTML, like Gecko) Chrome/58.0.3029.96 Safari/537.36","","Fri 05th May,2017 02:15 pm"
"","::1","Triple_A","Mozilla/5.0 (Windows NT 10.0; Win64; x64) AppleWebKit/537.36 (KHTML, like Gecko) Chrome/58.0.3029.96 Safari/537.36","","Fri 05th May,2017 02:18 pm"
"","::1","Triple_A","Mozilla/5.0 (Windows NT 10.0; Win64; x64) AppleWebKit/537.36 (KHTML, like Gecko) Chrome/58.0.3029.96 Safari/537.36","","Fri 05th May,2017 02:18 pm"
"","::1","Triple_A","Mozilla/5.0 (Windows NT 10.0; Win64; x64) AppleWebKit/537.36 (KHTML, like Gecko) Chrome/58.0.3029.96 Safari/537.36","","Fri 05th May,2017 02:18 pm"
"","::1","Triple_A","Mozilla/5.0 (Windows NT 10.0; Win64; x64) AppleWebKit/537.36 (KHTML, like Gecko) Chrome/58.0.3029.96 Safari/537.36","","Fri 05th May,2017 02:19 pm"
"","::1","Triple_A","Mozilla/5.0 (Windows NT 10.0; Win64; x64) AppleWebKit/537.36 (KHTML, like Gecko) Chrome/58.0.3029.96 Safari/537.36","","Fri 05th May,2017 02:19 pm"
"","::1","Triple_A","Mozilla/5.0 (Windows NT 10.0; Win64; x64) AppleWebKit/537.36 (KHTML, like Gecko) Chrome/58.0.3029.96 Safari/537.36","","Fri 05th May,2017 02:19 pm"
"","::1","Triple_A","Mozilla/5.0 (Windows NT 10.0; Win64; x64) AppleWebKit/537.36 (KHTML, like Gecko) Chrome/58.0.3029.96 Safari/537.36","","Fri 05th May,2017 02:19 pm"
"","::1","Triple_A","Mozilla/5.0 (Windows NT 10.0; Win64; x64) AppleWebKit/537.36 (KHTML, like Gecko) Chrome/58.0.3029.96 Safari/537.36","","Fri 05th May,2017 02:19 pm"
"","::1","Triple_A","Mozilla/5.0 (Windows NT 10.0; Win64; x64) AppleWebKit/537.36 (KHTML, like Gecko) Chrome/58.0.3029.96 Safari/537.36","","Fri 05th May,2017 02:52 pm"
"","::1","Triple_A","Mozilla/5.0 (Windows NT 10.0; Win64; x64) AppleWebKit/537.36 (KHTML, like Gecko) Chrome/58.0.3029.96 Safari/537.36","","Fri 05th May,2017 02:54 pm"
"","::1","Triple_A","Mozilla/5.0 (Windows NT 10.0; Win64; x64) AppleWebKit/537.36 (KHTML, like Gecko) Chrome/58.0.3029.96 Safari/537.36","","Fri 05th May,2017 02:55 pm"
"","::1","Triple_A","Mozilla/5.0 (Windows NT 10.0; Win64; x64) AppleWebKit/537.36 (KHTML, like Gecko) Chrome/58.0.3029.96 Safari/537.36","","Fri 05th May,2017 02:55 pm"
"","::1","Triple_A","Mozilla/5.0 (Windows NT 10.0; Win64; x64) AppleWebKit/537.36 (KHTML, like Gecko) Chrome/58.0.3029.96 Safari/537.36","","Fri 05th May,2017 02:55 pm"
"","::1","Triple_A","Mozilla/5.0 (Windows NT 10.0; Win64; x64) AppleWebKit/537.36 (KHTML, like Gecko) Chrome/58.0.3029.96 Safari/537.36","","Fri 05th May,2017 03:04 pm"
"","::1","Triple_A","Mozilla/5.0 (Windows NT 10.0; Win64; x64) AppleWebKit/537.36 (KHTML, like Gecko) Chrome/58.0.3029.96 Safari/537.36","","Fri 05th May,2017 03:04 pm"
"","::1","Triple_A","Mozilla/5.0 (Windows NT 10.0; Win64; x64) AppleWebKit/537.36 (KHTML, like Gecko) Chrome/58.0.3029.96 Safari/537.36","","Fri 05th May,2017 03:05 pm"
"","::1","Triple_A","Mozilla/5.0 (Windows NT 10.0; Win64; x64) AppleWebKit/537.36 (KHTML, like Gecko) Chrome/58.0.3029.96 Safari/537.36","","Fri 05th May,2017 03:05 pm"
"","::1","Triple_A","Mozilla/5.0 (Windows NT 10.0; Win64; x64) AppleWebKit/537.36 (KHTML, like Gecko) Chrome/58.0.3029.96 Safari/537.36","","Fri 05th May,2017 03:05 pm"
"","::1","Triple_A","Mozilla/5.0 (Windows NT 10.0; Win64; x64) AppleWebKit/537.36 (KHTML, like Gecko) Chrome/58.0.3029.96 Safari/537.36","","Fri 05th May,2017 03:05 pm"
"","::1","Triple_A","Mozilla/5.0 (Windows NT 10.0; Win64; x64) AppleWebKit/537.36 (KHTML, like Gecko) Chrome/58.0.3029.96 Safari/537.36","","Fri 05th May,2017 03:09 pm"
"","::1","Triple_A","Mozilla/5.0 (Windows NT 10.0; Win64; x64) AppleWebKit/537.36 (KHTML, like Gecko) Chrome/58.0.3029.96 Safari/537.36","","Fri 05th May,2017 03:13 pm"
"","::1","Triple_A","Mozilla/5.0 (Windows NT 10.0; Win64; x64) AppleWebKit/537.36 (KHTML, like Gecko) Chrome/58.0.3029.96 Safari/537.36","","Fri 05th May,2017 03:13 pm"
"","::1","Triple_A","Mozilla/5.0 (Windows NT 10.0; Win64; x64) AppleWebKit/537.36 (KHTML, like Gecko) Chrome/58.0.3029.96 Safari/537.36","","Fri 05th May,2017 03:13 pm"
"","::1","Triple_A","Mozilla/5.0 (Windows NT 10.0; Win64; x64) AppleWebKit/537.36 (KHTML, like Gecko) Chrome/58.0.3029.96 Safari/537.36","","Fri 05th May,2017 03:13 pm"
"","::1","Triple_A","Mozilla/5.0 (Windows NT 10.0; Win64; x64) AppleWebKit/537.36 (KHTML, like Gecko) Chrome/58.0.3029.96 Safari/537.36","","Fri 05th May,2017 03:15 pm"
"","::1","Triple_A","Mozilla/5.0 (Windows NT 10.0; Win64; x64) AppleWebKit/537.36 (KHTML, like Gecko) Chrome/58.0.3029.96 Safari/537.36","","Fri 05th May,2017 03:15 pm"
"","::1","Triple_A","Mozilla/5.0 (Windows NT 10.0; Win64; x64) AppleWebKit/537.36 (KHTML, like Gecko) Chrome/58.0.3029.96 Safari/537.36","","Fri 05th May,2017 03:15 pm"
"","::1","Triple_A","Mozilla/5.0 (Windows NT 10.0; Win64; x64) AppleWebKit/537.36 (KHTML, like Gecko) Chrome/58.0.3029.96 Safari/537.36","","Fri 05th May,2017 03:25 pm"
"","::1","Triple_A","Mozilla/5.0 (Windows NT 10.0; Win64; x64) AppleWebKit/537.36 (KHTML, like Gecko) Chrome/58.0.3029.96 Safari/537.36","","Fri 05th May,2017 03:27 pm"
"","::1","Triple_A","Mozilla/5.0 (Windows NT 10.0; Win64; x64) AppleWebKit/537.36 (KHTML, like Gecko) Chrome/58.0.3029.96 Safari/537.36","","Fri 05th May,2017 03:30 pm"
"","::1","Triple_A","Mozilla/5.0 (Windows NT 10.0; Win64; x64) AppleWebKit/537.36 (KHTML, like Gecko) Chrome/58.0.3029.96 Safari/537.36","","Fri 05th May,2017 03:33 pm"
"","::1","Triple_A","Mozilla/5.0 (Windows NT 10.0; Win64; x64) AppleWebKit/537.36 (KHTML, like Gecko) Chrome/58.0.3029.96 Safari/537.36","","Fri 05th May,2017 03:33 pm"
"","::1","Triple_A","Mozilla/5.0 (Windows NT 10.0; Win64; x64) AppleWebKit/537.36 (KHTML, like Gecko) Chrome/58.0.3029.96 Safari/537.36","","Fri 05th May,2017 03:33 pm"
"","::1","Triple_A","Mozilla/5.0 (Windows NT 10.0; Win64; x64) AppleWebKit/537.36 (KHTML, like Gecko) Chrome/58.0.3029.96 Safari/537.36","","Fri 05th May,2017 05:37 pm"
"","::1","Triple_A","Mozilla/5.0 (Windows NT 10.0; Win64; x64) AppleWebKit/537.36 (KHTML, like Gecko) Chrome/58.0.3029.96 Safari/537.36","","Fri 05th May,2017 06:41 pm"
"","::1","Triple_A","Mozilla/5.0 (Windows NT 10.0; Win64; x64) AppleWebKit/537.36 (KHTML, like Gecko) Chrome/58.0.3029.96 Safari/537.36","","Fri 05th May,2017 06:41 pm"
"","::1","Triple_A","Mozilla/5.0 (Windows NT 10.0; Win64; x64) AppleWebKit/537.36 (KHTML, like Gecko) Chrome/58.0.3029.96 Safari/537.36","","Fri 05th May,2017 06:42 pm"
"","::1","Triple_A","Mozilla/5.0 (Windows NT 10.0; Win64; x64) AppleWebKit/537.36 (KHTML, like Gecko) Chrome/58.0.3029.96 Safari/537.36","","Fri 05th May,2017 06:43 pm"
"","::1","Triple_A","Mozilla/5.0 (Windows NT 10.0; Win64; x64) AppleWebKit/537.36 (KHTML, like Gecko) Chrome/58.0.3029.96 Safari/537.36","","Fri 05th May,2017 06:43 pm"
"","::1","Triple_A","Mozilla/5.0 (Windows NT 10.0; Win64; x64) AppleWebKit/537.36 (KHTML, like Gecko) Chrome/58.0.3029.96 Safari/537.36","","Fri 05th May,2017 06:47 pm"
"","::1","Triple_A","Mozilla/5.0 (Windows NT 10.0; Win64; x64) AppleWebKit/537.36 (KHTML, like Gecko) Chrome/58.0.3029.96 Safari/537.36","","Fri 05th May,2017 08:38 pm"
"","::1","Triple_A","Mozilla/5.0 (Windows NT 10.0; Win64; x64) AppleWebKit/537.36 (KHTML, like Gecko) Chrome/58.0.3029.96 Safari/537.36","","Fri 05th May,2017 09:56 pm"
"","::1","Triple_A","Mozilla/5.0 (Windows NT 10.0; Win64; x64) AppleWebKit/537.36 (KHTML, like Gecko) Chrome/58.0.3029.96 Safari/537.36","","Fri 05th May,2017 09:56 pm"
"","::1","Triple_A","Mozilla/5.0 (Windows NT 10.0; Win64; x64) AppleWebKit/537.36 (KHTML, like Gecko) Chrome/58.0.3029.96 Safari/537.36","","Fri 05th May,2017 10:09 pm"
"","::1","Triple_A","Mozilla/5.0 (Windows NT 10.0; Win64; x64) AppleWebKit/537.36 (KHTML, like Gecko) Chrome/58.0.3029.96 Safari/537.36","","Fri 05th May,2017 11:07 pm"
"","::1","Triple_A","Mozilla/5.0 (Windows NT 10.0; Win64; x64) AppleWebKit/537.36 (KHTML, like Gecko) Chrome/58.0.3029.96 Safari/537.36","","Fri 05th May,2017 11:07 pm"
"","::1","Triple_A","Mozilla/5.0 (Windows NT 10.0; Win64; x64) AppleWebKit/537.36 (KHTML, like Gecko) Chrome/58.0.3029.96 Safari/537.36","","Sat 06th May,2017 09:08 am"
"","::1","Triple_A","Mozilla/5.0 (Windows NT 10.0; Win64; x64) AppleWebKit/537.36 (KHTML, like Gecko) Chrome/58.0.3029.96 Safari/537.36","","Sat 06th May,2017 09:08 am"
"","::1","Triple_A","Mozilla/5.0 (Windows NT 10.0; Win64; x64) AppleWebKit/537.36 (KHTML, like Gecko) Chrome/58.0.3029.96 Safari/537.36","","Sat 06th May,2017 09:08 am"
"","::1","DESKTOP-H45NCIF","Mozilla/5.0 (Windows NT 10.0; Win64; x64) AppleWebKit/537.36 (KHTML, like Gecko) Chrome/63.0.3239.132 Safari/537.36","","Wed 17th Jan,2018 05:42 am"
"","::1","DESKTOP-H45NCIF","Mozilla/5.0 (Windows NT 10.0; Win64; x64) AppleWebKit/537.36 (KHTML, like Gecko) Chrome/63.0.3239.132 Safari/537.36","","Wed 17th Jan,2018 05:44 am"
"","::1","DESKTOP-H45NCIF","Mozilla/5.0 (Windows NT 10.0; Win64; x64) AppleWebKit/537.36 (KHTML, like Gecko) Chrome/63.0.3239.132 Safari/537.36","","Wed 17th Jan,2018 05:49 am"
"","::1","DESKTOP-H45NCIF","Mozilla/5.0 (Windows NT 10.0; Win64; x64) AppleWebKit/537.36 (KHTML, like Gecko) Chrome/63.0.3239.132 Safari/537.36","","Wed 17th Jan,2018 05:53 am"
"","::1","DESKTOP-H45NCIF","Mozilla/5.0 (Windows NT 10.0; Win64; x64) AppleWebKit/537.36 (KHTML, like Gecko) Chrome/63.0.3239.132 Safari/537.36","","Wed 17th Jan,2018 05:53 am"
"","::1","DESKTOP-H45NCIF","Mozilla/5.0 (Windows NT 10.0; Win64; x64) AppleWebKit/537.36 (KHTML, like Gecko) Chrome/63.0.3239.132 Safari/537.36","","Wed 17th Jan,2018 05:57 am"
"","::1","DESKTOP-H45NCIF","Mozilla/5.0 (Windows NT 10.0; Win64; x64) AppleWebKit/537.36 (KHTML, like Gecko) Chrome/63.0.3239.132 Safari/537.36","","Wed 17th Jan,2018 05:57 am"
"","::1","DESKTOP-H45NCIF","Mozilla/5.0 (Windows NT 10.0; Win64; x64) AppleWebKit/537.36 (KHTML, like Gecko) Chrome/63.0.3239.132 Safari/537.36","","Wed 17th Jan,2018 05:58 am"
